<?xml version="1.0" encoding="utf-8" standalone="yes"?>
<rss version="2.0" xmlns:atom="http://www.w3.org/2005/Atom">
  <channel>
    <title>Categories on David Thor</title>
    <link>https://davidindata.github.io/David_Portfolio/categories/</link>
    <description>Recent content in Categories on David Thor</description>
    <generator>Hugo -- gohugo.io</generator>
    <language>en-us</language><atom:link href="https://davidindata.github.io/David_Portfolio/categories/index.xml" rel="self" type="application/rss+xml" />
  </channel>
</rss>
