<?xml version="1.0" encoding="utf-8" standalone="yes"?>
<rss version="2.0" xmlns:atom="http://www.w3.org/2005/Atom">
  <channel>
    <title>Tags on Ananke Fr</title>
    <link>https://example.com/fr/tags/</link>
    <description>Recent content in Tags on Ananke Fr</description>
    <generator>Hugo -- gohugo.io</generator>
    <language>en-us</language>
    <lastBuildDate>Sun, 09 Apr 2017 10:58:08 -0400</lastBuildDate><atom:link href="https://example.com/fr/tags/index.xml" rel="self" type="application/rss+xml" />
    <item>
      <title>scene</title>
      <link>https://example.com/fr/tags/scene/</link>
      <pubDate>Sun, 09 Apr 2017 10:58:08 -0400</pubDate>
      
      <guid>https://example.com/fr/tags/scene/</guid>
      <description></description>
    </item>
    
  </channel>
</rss>
